{"MSE": 391.1498616536458, "abs_error": 389.10992431640625, "abs_target_sum": 10854.0, "abs_target_mean": 452.25, "seasonal_error": 28.574074074074073, "MASE": 0.5673994359766131, "MAPE": 0.03633382171392441, "sMAPE": 0.03570701430241267, "MSIS": 3.356984700309867, "QuantileLoss[0.1]": 157.160986328125, "Coverage[0.1]": 0.16666666666666666, "QuantileLoss[0.2]": 284.004150390625, "Coverage[0.2]": 0.4166666666666667, "QuantileLoss[0.3]": 354.1646484375, "Coverage[0.3]": 0.4166666666666667, "QuantileLoss[0.4]": 390.2616333007812, "Coverage[0.4]": 0.5833333333333334, "QuantileLoss[0.5]": 389.10992431640625, "Coverage[0.5]": 0.625, "QuantileLoss[0.6]": 364.247216796875, "Coverage[0.6]": 0.6666666666666666, "QuantileLoss[0.7]": 298.90988769531253, "Coverage[0.7]": 0.75, "QuantileLoss[0.8]": 244.75251464843745, "Coverage[0.8]": 0.9166666666666666, "QuantileLoss[0.9]": 153.85806274414057, "Coverage[0.9]": 1.0, "RMSE": 19.777508985047785, "NRMSE": 0.04373136315101776, "ND": 0.03584944944871994, "wQuantileLoss[0.1]": 0.014479545451273725, "wQuantileLoss[0.2]": 0.02616585133504929, "wQuantileLoss[0.3]": 0.03262987363529574, "wQuantileLoss[0.4]": 0.0359555586236209, "wQuantileLoss[0.5]": 0.03584944944871994, "wQuantileLoss[0.6]": 0.03355880014712318, "wQuantileLoss[0.7]": 0.027539145724646448, "wQuantileLoss[0.8]": 0.02254952226353763, "wQuantileLoss[0.9]": 0.014175240717167917, "mean_absolute_QuantileLoss": 292.94100273980035, "mean_wQuantileLoss": 0.02698922081627053, "MAE_Coverage": 0.11574074074074073, "OWA": "NaN"}